threads,run_index,elapsed_sec
1,0,0.445251000
1,1,0.514729000
1,2,0.545978000
1,3,0.496593000
1,4,0.544816000
2,0,0.416125000
2,1,0.403106000
2,2,0.400173000
2,3,0.446860000
2,4,0.410662000
4,0,0.403022000
4,1,0.376892000
4,2,0.410688000
4,3,0.355701000
4,4,0.401126000
8,0,0.333393000
8,1,0.346257000
8,2,0.353124000
8,3,0.395435000
8,4,0.345547000
