threads,runs,min_sec,mean_sec,median_sec,std_sec,speedup,efficiency,karp_flatt
1,5,0.445251000,0.509473400,0.514729000,0.041532300,1.000000000,1.000000000,
2,5,0.400173000,0.415385200,0.410662000,0.018679593,1.226508311,0.613254155,0.630645290
4,5,0.355701000,0.389485800,0.401126000,0.022739133,1.308066687,0.327016672,0.685982690
8,5,0.333393000,0.354751200,0.346257000,0.023826775,1.436142852,0.179517856,0.652925214
