threads,run_index,elapsed_sec
1,0,2.222490000
1,1,2.226180000
1,2,2.205990000
1,3,2.201960000
1,4,2.201200000
2,0,1.737320000
2,1,1.729030000
2,2,1.715410000
2,3,1.697840000
2,4,1.691070000
4,0,1.441600000
4,1,1.396970000
4,2,1.470440000
4,3,1.441520000
4,4,1.388830000
8,0,1.152580000
8,1,1.121490000
8,2,1.125260000
8,3,1.124630000
8,4,1.160950000
