threads,runs,min_sec,mean_sec,median_sec,std_sec,speedup,efficiency,karp_flatt
1,5,2.201200000,2.211564000,2.205990000,0.011871433,1.000000000,1.000000000,
2,5,1.691070000,1.714134000,1.715410000,0.019739251,1.290193182,0.645096591,0.550155456
4,5,1.388830000,1.427872000,1.441520000,0.034153960,1.548853118,0.387213280,0.527518685
8,5,1.121490000,1.136982000,1.125260000,0.018355802,1.945117865,0.243139733,0.444694472
